Location,Longitude,Latitude
AUBURN_RD N of BURWOOD_RD,145.0456755,-37.82396468
AUBURN_RD S of BURWOOD_RD,145.04346,-37.82542
BALWYN_RD N OF BELMORE_RD,145.08197,-37.80431
BALWYN_RD N OF WHITEHORSE_RD,145.0801,-37.81404
BALWYN_RD N of CANTERBURY_RD,145.078,-37.82506
BALWYN_RD S OF BELMORE_RD,145.08171,-37.80564
BALWYN_RD S OF WHITEHORSE_RD,145.07996,-37.81476
BALWYN_RD S of DONCASTER_RD,145.08352,-37.79635
BARKERS_RD E of DENMARK_ST,145.02706,-37.81521
BARKERS_RD E of HIGH_ST,145.02261,-37.81469
BARKERS_RD W of BURKE_RD,145.05739,-37.8188
BARKERS_RD W of CHURCH_ST,145.02161,-37.81457
BARKERS_RD W of DENMARK_ST,145.02608,-37.8151
BELMORE_RD E OF BALWYN_RD,145.08246,-37.80508
BELMORE_RD E of BURKE_RD,145.06167,-37.80236
BELMORE_RD W OF BALWYN_RD,145.08092,-37.80487
BRIDGE_RD SW of BURWOOD_RD,145.01503,-37.82155
BULLEEN_RD N of THOMPSONS_RD,145.07733,-37.78093
BULLEEN_RD S of EASTERN_FWY_W_BD_RAMPS,145.07729,-37.78267
BURKE_RD N OF WHITEHORSE_RD,145.05946,-37.81147
BURKE_RD N of CANTERBURY_RD,145.05734,-37.82264
BURKE_RD N of HARP_RD,145.06127,-37.80202
BURKE_RD N of MONT ALBERT_RD,145.0583603,-37.8172654
BURKE_RD N of RIVERSDALE_RD,145.05545,-37.83256
BURKE_RD N of TOORAK_RD,145.05275,-37.84683
BURKE_RD S OF WHITEHORSE_RD,145.05933,-37.81216
BURKE_RD S of BARKERS_RD,145.05801,-37.81912
BURKE_RD S of CANTERBURY_RD,145.05724,-37.82315
BURKE_RD S of DONCASTER_RD,145.06251,-37.79561
BURKE_RD S of EASTERN_FWY,145.06202,-37.78661
BURKE_RD S of HARP_RD,145.06117,-37.80256
BURKE_RD S of RIVERSDALE_RD,145.05532,-37.83323
BURKE_RD S of TOORAK_RD,145.05263,-37.84741
BURNLEY_ST S OF VICTORIA_ST,145.00844,-37.81312
BURWOOD_HWY E of WARRIGAL_RD,145.09463,-37.85193
BURWOOD_RD E of AUBURN_RD,145.04387,-37.82529
BURWOOD_RD E of GLENFERRIE_RD,145.03445,-37.82416
BURWOOD_RD E of POWER_ST,145.02565,-37.82313
BURWOOD_RD W of AUBURN_RD,145.04301,-37.82518
BURWOOD_RD W of GLENFERRIE_RD,145.03349,-37.82405
BURWOOD_RD W of POWER_ST,145.02402,-37.82295
CAMBERWELL_RD NW of BURKE_RD,145.05507,-37.83254
CAMBERWELL_RD NW of TRAFALGAR_RD,145.06055,-37.83725
CAMBERWELL_RD SE of BURKE_RD,145.05571,-37.83312
CAMBERWELL_RD SE of TRAFALGAR_RD,145.06115,-37.83777
CANTERBURY_RD E of BALWYN_RD,145.07827,-37.82535
CANTERBURY_RD E of BURKE_RD,145.05773,-37.82295
CANTERBURY_RD E of STANHOPE_GV,145.06466,-37.82379
CANTERBURY_RD E of WARRIGAL_RD,145.09885,-37.82778
CANTERBURY_RD W of BALWYN_RD,145.07757,-37.82527
CANTERBURY_RD W of STANHOPE_GV,145.06417,-37.82374
CANTERBURY_RD W of WARRIGAL_RD,145.0983,-37.82772
CHURCH_ST SW of BARKERS_RD,145.0219,-37.81495
COTHAM_RD E OF GLENFERRIE_RD,145.037306,-37.809274
COTHAM_RD W OF BURKE_RD,145.05901,-37.81184
COTHAM_RD W OF GLENFERRIE_RD,145.036452,-37.809176
DENMARK_ST N of BARKERS_RD,145.02663,-37.81489
DONCASTER_RD E of BALWYN_RD,145.08372,-37.79611
DONCASTER_RD E of BULLEEN_RD,145.0696,-37.79419
DONCASTER_RD SW of SEVERN_ST,145.06885,-37.79406
DONCASTER_RD W of BALWYN_RD,145.08328,-37.79618
EARL_ST SE of PRINCESS_ST,145.03077,-37.79477
GLENFERRIE_RD N of BURWOOD_RD,145.03409,-37.82389
GLENFERRIE_RD N of RIVERSDALE_RD,145.03304,-37.82951
GLENFERRIE_RD S OF COTHAM_RD,145.036785,-37.809547
GLENFERRIE_RD S of BURWOOD_RD,145.03399,-37.82441
GLENFERRIE_RD S of RIVERSDALE_RD,145.03278,-37.83095
HARP_RD E OF HIGH_ST,145.04962,-37.80086
HARP_RD W of BURKE_RD,145.06081,-37.80225
HIGH STREET_RD E of WARRIGAL_RD,145.09195,-37.86735
HIGH STREET_RD W of WARRIGAL_RD,145.09103,-37.86723
HIGHBURY_RD E of WARRIGAL_RD,145.09413,-37.85489
HIGH_ST E OF S.E.ARTERIAL,145.05851,-37.86152
HIGH_ST NE OF HARP_ST,145.0494611,-37.800776
HIGH_ST NE of BARKERS_RD,145.02243,-37.81441
HIGH_ST NE of CHARLES_ST,145.03518,-37.80624
HIGH_ST NE of PRINCESS_ST,145.02793,-37.80887
HIGH_ST SW OF HARP_ST,145.048755,-37.8010857
HIGH_ST SW of BURKE_RD,145.06111,-37.79567
HIGH_ST SW of DENMARK_ST,145.02729,-37.80926
HIGH_ST W OF WILLS_ST,145.05751,-37.86155
KILBY_RD W of BURKE_RD,145.0612,-37.79471
MADDEN_GV S OF SWAN_ST,145.01576,-37.82912
MAROONDAH_HWY E of UNION_RD,145.09831,-37.81655
MAROONDAH_HWY W of UNION_RD,145.0977388,-37.8164799
MONT ALBERT_RD E of BURKE_RD,145.05873,-37.81744
OFFRAMP_EASTERN_FWY E of BULLEEN_RD,145.0778256,-37.7820873
OFFRAMP_EASTERN_FWY W of BULLEEN_RD,145.07688,-37.78127
POWER_ST N of BURWOOD_RD,145.0251292,-37.8228462
POWER_ST S of BARKERS_RD,145.02652,-37.81545
POWER_ST S of BURWOOD_RD,145.0250328,-37.8232985
PRINCESS_ST N of HIGH_ST,145.02757,-37.80876
PRINCESS_ST S of CHANDLER_HWY,145.03015,-37.7948
RATHMINES_RD W of BURKE_RD,145.05684,-37.82284
RIVERSDALE_RD E OF WARRIGAL_RD,145.09741,-37.83755
RIVERSDALE_RD E of BURKE_RD,145.05594,-37.83294
RIVERSDALE_RD E of GLENFERRIE_RD,145.03336,-37.8303
RIVERSDALE_RD E of TOORONGA_RD,145.04668,-37.83186
RIVERSDALE_RD E of TRAFALGAR_RD,145.06275,-37.8337
RIVERSDALE_RD W OF WARRIGAL_RD,145.09626,-37.83741
RIVERSDALE_RD W of BURKE_RD,145.05505,-37.83284
RIVERSDALE_RD W of GLENFERRIE_RD,145.03208,-37.83015
RIVERSDALE_RD W of TOORONGA_RD,145.04614,-37.8318
RIVERSDALE_RD W of TRAFALGAR_RD,145.06202,-37.83362
S.E.ARTERIAL N OF HIGH_ST,145.058038,-37.8612671
SEVERN_ST S of DONCASTER_RD,145.06955,-37.79418
SEYMOUR_GV W of CAMBERWELL_RD,145.06057,-37.83756
STANHOPE_GV S of CANTERBURY_RD,145.06435,-37.82404
STUDLEY PARK_RD W of PRINCESS_ST,145.02704,-37.80892
SWAN_ST NE of MADDEN_GV,145.01644,-37.82859
SWAN_ST SW of MADDEN_GV,145.01456,-37.82903
TOORAK_RD E of BURKE_RD,145.05308,-37.84726
TOORAK_RD E of TOORONGA_RD,145.04508,-37.84686
TOORAK_RD W OF BURKE_RD,145.05205,-37.84714
TOORAK_RD W of WARRIGAL_RD,145.09407,-37.85187
TOORONGA_RD N of TOORAK_RD,145.04378,-37.84632
TOORONGA_RD S of RIVERSDALE_RD,145.04636,-37.83199
TRAFALGAR_RD N of RIVERSDALE_RD,145.06247,-37.83331
TRAFALGAR_RD NE of CAMBERWELL_RD,145.06119,-37.83738
TRAFALGAR_RD S of RIVERSDALE_RD,145.06233,-37.83394
UNION_RD N of MAROONDAH_HWY,145.09812,-37.81631
UNION_RD S of MAROONDAH_HWY,145.09802,-37.81682
VALERIE_ST W OF HIGH_ST,145.04864,-37.80063
VICTORIA_ST E OF BURNLEY_ST,145.00865,-37.81293
VICTORIA_ST W OF BURNLEY_ST,145.0083,-37.81296
WALMER_ST N OF VICTORIA_ST,145.00849,-37.81285
WARRIGAL_RD N OF RIVERSDALE_RD,145.09699,-37.83695
WARRIGAL_RD N of HIGH STREET_RD,145.09159,-37.86703
WARRIGAL_RD N of HIGHBURY_RD,145.09384,-37.85467
WARRIGAL_RD N of TOORAK_RD,145.0943457,-37.8516827
WARRIGAL_RD S OF RIVERSDALE_RD,145.09681,-37.83799
WARRIGAL_RD S of BURWOOD_HWY,145.09425,-37.85221
WARRIGAL_RD S of CANTERBURY_RD,145.09858,-37.82804
WARRIGAL_RD S of HIGH STREET_RD,145.09146,-37.8676
WARRIGAL_RD S of HIGHBURY_RD,145.09376,-37.85513
WHITEHORSE_RD E OF BALWYN_RD,145.08045,-37.8144
WHITEHORSE_RD E OF BURKE_RD,145.05982,-37.81193
WHITEHORSE_RD W OF BALWYN_RD,145.07951,-37.81429
WILLS_ST NW OF HIGH_ST,145.05744,-37.86088
